post_id,archived_date
221454,2025-04-13
208763,2025-04-13
210377,2025-04-13
210509,2025-04-13
212313,2025-04-13
212357,2025-04-13
214199,2025-04-13
214477,2025-04-13
218499,2025-04-13
218761,2025-04-13
218842,2025-04-13
218859,2025-04-13
218876,2025-04-13
218947,2025-04-13
218952,2025-04-13
218976,2025-04-13
220891,2025-04-13
220905,2025-04-13
220930,2025-04-13
221018,2025-04-13
221035,2025-04-13
221056,2025-04-13
221077,2025-04-13
221243,2025-04-13
221256,2025-04-13
221270,2025-04-13
224898,2025-04-13
225043,2025-04-13
225135,2025-04-13
227556,2025-04-13
227697,2025-04-13
229864,2025-04-13
230019,2025-04-13
230036,2025-04-13
230196,2025-04-13
230340,2025-04-13
230355,2025-04-13
230383,2025-04-13
233065,2025-04-13
233092,2025-04-13
233230,2025-04-13
233319,2025-04-13
233331,2025-04-13
233433,2025-04-13
233476,2025-04-13
233500,2025-04-13
233606,2025-04-13
235616,2025-04-13
235644,2025-04-13
235645,2025-04-13
235661,2025-04-13
235675,2025-04-13
235972,2025-04-13
236076,2025-04-13
236099,2025-04-13
238810,2025-04-13
238831,2025-04-13
239062,2025-04-13
239095,2025-04-13
239180,2025-04-13
239181,2025-04-13
239306,2025-04-13
239378,2025-04-13
239394,2025-04-13
239428,2025-04-13
239522,2025-04-13
239534,2025-04-13
242446,2025-04-13
245073,2025-04-13
245144,2025-04-13
245178,2025-04-13
245211,2025-04-13
245264,2025-04-13
245284,2025-04-13
245378,2025-04-13
245393,2025-04-13
247969,2025-04-13
247985,2025-04-13
248088,2025-04-13
250043,2025-04-13
250123,2025-04-13
250154,2025-04-13
252326,2025-04-13
252365,2025-04-13
252385,2025-04-13
254599,2025-04-13
254609,2025-04-13
254627,2025-04-13
254717,2025-04-13
254826,2025-04-13
257148,2025-04-13
257419,2025-04-13
257451,2025-04-13
257495,2025-04-13
259801,2025-04-13
259847,2025-04-13
260121,2025-04-13
262543,2025-04-13
262544,2025-04-13
262555,2025-04-13
262567,2025-04-13
262589,2025-04-13
265063,2025-04-13
265085,2025-04-13
265098,2025-04-13
265160,2025-04-13
265210,2025-04-13
265233,2025-04-13
265261,2025-04-13
265299,2025-04-13
265329,2025-04-13
265332,2025-04-13
265377,2025-04-13
265395,2025-04-13
265416,2025-04-13
267523,2025-04-13
267547,2025-04-13
267560,2025-04-13
267624,2025-04-13
267666,2025-04-13
267679,2025-04-13
267693,2025-04-13
267726,2025-04-13
267805,2025-04-13
267999,2025-04-13
268021,2025-04-13
270184,2025-04-13
270278,2025-04-13
270311,2025-04-13
270353,2025-04-13
270393,2025-04-13
270496,2025-04-13
270600,2025-04-13
270633,2025-04-13
270719,2025-04-13
270731,2025-04-13
273056,2025-04-13
273109,2025-04-13
273194,2025-04-13
273297,2025-04-13
273315,2025-04-13
273326,2025-04-13