1257,2025-04-13
195840,2025-04-13
221228,2025-04-13
323754,2025-04-13
32,2025-04-13
85,2025-04-13
99,2025-04-13
235,2025-04-13
277,2025-04-13
299,2025-04-13
340,2025-04-13
342,2025-04-13
424,2025-04-13
438,2025-04-13
459,2025-04-13
490,2025-04-13
513,2025-04-13
644,2025-04-13
777,2025-04-13
834,2025-04-13
1065,2025-04-13
1088,2025-04-13
1101,2025-04-13
1123,2025-04-13
1127,2025-04-13
1146,2025-04-13
1219,2025-04-13
90700,2025-04-13
90727,2025-04-13
96361,2025-04-13
99590,2025-04-13
99670,2025-04-13
100367,2025-04-13
100560,2025-04-13
102368,2025-04-13
102900,2025-04-13
104413,2025-04-13
104446,2025-04-13
105022,2025-04-13
105093,2025-04-13
105200,2025-04-13
105213,2025-04-13
105605,2025-04-13
105792,2025-04-13
106290,2025-04-13
108773,2025-04-13
111253,2025-04-13
111466,2025-04-13
113541,2025-04-13
114886,2025-04-13
114907,2025-04-13
115275,2025-04-13
116800,2025-04-13
117018,2025-04-13
121156,2025-04-13
121821,2025-04-13
123271,2025-04-13
123689,2025-04-13
124492,2025-04-13
126283,2025-04-13
128046,2025-04-13
128308,2025-04-13
130404,2025-04-13
131144,2025-04-13
131655,2025-04-13
133380,2025-04-13
133392,2025-04-13
134832,2025-04-13
139748,2025-04-13
144047,2025-04-13
144324,2025-04-13
147100,2025-04-13
147858,2025-04-13
147937,2025-04-13
148036,2025-04-13
148424,2025-04-13
148781,2025-04-13
150855,2025-04-13
151561,2025-04-13
151630,2025-04-13
154335,2025-04-13
155662,2025-04-13
163181,2025-04-13
164594,2025-04-13
173772,2025-04-13
173837,2025-04-13
174044,2025-04-13
174580,2025-04-13
174666,2025-04-13
174674,2025-04-13
174746,2025-04-13
176069,2025-04-13
176631,2025-04-13
177044,2025-04-13
177274,2025-04-13
177342,2025-04-13
177705,2025-04-13
177731,2025-04-13
178146,2025-04-13
178842,2025-04-13
180255,2025-04-13
180376,2025-04-13
180576,2025-04-13
181344,2025-04-13
181607,2025-04-13
183049,2025-04-13
183870,2025-04-13
184404,2025-04-13
184774,2025-04-13
185008,2025-04-13
185338,2025-04-13
188715,2025-04-13
189322,2025-04-13
190427,2025-04-13
190435,2025-04-13
190605,2025-04-13
190653,2025-04-13
190861,2025-04-13
190993,2025-04-13
191003,2025-04-13
191270,2025-04-13
191302,2025-04-13
191322,2025-04-13
191429,2025-04-13
191463,2025-04-13
191502,2025-04-13
191544,2025-04-13
191739,2025-04-13
191865,2025-04-13
191874,2025-04-13
192015,2025-04-13
192149,2025-04-13
192203,2025-04-13
192237,2025-04-13
192298,2025-04-13
192435,2025-04-13
192916,2025-04-13
193437,2025-04-13
193840,2025-04-13
193977,2025-04-13
194168,2025-04-13
195044,2025-04-13
195845,2025-04-13
196504,2025-04-13
196563,2025-04-13
196638,2025-04-13
196686,2025-04-13
196786,2025-04-13
196856,2025-04-13
198220,2025-04-13
200148,2025-04-13
204251,2025-04-13
207197,2025-04-13
207302,2025-04-13
207328,2025-04-13
207535,2025-04-13
207683,2025-04-13
208659,2025-04-13
209114,2025-04-13
209138,2025-04-13
209140,2025-04-13
209198,2025-04-13
209229,2025-04-13
209255,2025-04-13
209306,2025-04-13
209317,2025-04-13
209460,2025-04-13
209585,2025-04-13
209814,2025-04-13
209848,2025-04-13
209947,2025-04-13
210005,2025-04-13
210030,2025-04-13
210150,2025-04-13
210164,2025-04-13
210173,2025-04-13
210583,2025-04-13
210680,2025-04-13
211074,2025-04-13
211097,2025-04-13
211127,2025-04-13
211180,2025-04-13
211274,2025-04-13
211305,2025-04-13
211449,2025-04-13
211867,2025-04-13
212030,2025-04-13
212077,2025-04-13
212448,2025-04-13
212512,2025-04-13
212525,2025-04-13
212614,2025-04-13
212732,2025-04-13
212812,2025-04-13
212929,2025-04-13
212933,2025-04-13
213148,2025-04-13
213154,2025-04-13
213185,2025-04-13
213235,2025-04-13
213270,2025-04-13
213292,2025-04-13
213361,2025-04-13
213433,2025-04-13
213496,2025-04-13
213632,2025-04-13
213777,2025-04-13
213867,2025-04-13
213936,2025-04-13
213951,2025-04-13
214052,2025-04-13
214765,2025-04-13
215834,2025-04-13
216160,2025-04-13
216287,2025-04-13
216300,2025-04-13
216331,2025-04-13
216458,2025-04-13
216703,2025-04-13
216723,2025-04-13
216741,2025-04-13
216744,2025-04-13
216823,2025-04-13
216869,2025-04-13
216884,2025-04-13
216951,2025-04-13
217022,2025-04-13
217026,2025-04-13
217264,2025-04-13
217282,2025-04-13
217297,2025-04-13
217368,2025-04-13
217434,2025-04-13
217501,2025-04-13
217575,2025-04-13
217643,2025-04-13
217734,2025-04-13
217864,2025-04-13
217988,2025-04-13
218035,2025-04-13
218295,2025-04-13
218353,2025-04-13
219020,2025-04-13
219165,2025-04-13
219402,2025-04-13
219413,2025-04-13
219536,2025-04-13
219548,2025-04-13
219577,2025-04-13
219738,2025-04-13
219755,2025-04-13
219828,2025-04-13
219845,2025-04-13
219869,2025-04-13
219885,2025-04-13
219936,2025-04-13
220006,2025-04-13
220074,2025-04-13
220248,2025-04-13
220264,2025-04-13
220278,2025-04-13
220388,2025-04-13
220403,2025-04-13
220425,2025-04-13
220438,2025-04-13
220518,2025-04-13
220594,2025-04-13
220612,2025-04-13
220786,2025-04-13
220799,2025-04-13
220817,2025-04-13
220847,2025-04-13
220865,2025-04-13
221516,2025-04-13
221906,2025-04-13
221960,2025-04-13
221984,2025-04-13
222457,2025-04-13
222850,2025-04-13
222888,2025-04-13
223398,2025-04-13
223730,2025-04-13
223732,2025-04-13
223734,2025-04-13
223740,2025-04-13
223864,2025-04-13
224332,2025-04-13
224344,2025-04-13
224366,2025-04-13
225446,2025-04-13
225512,2025-04-13
225547,2025-04-13
225625,2025-04-13
225677,2025-04-13
225809,2025-04-13
225845,2025-04-13
226156,2025-04-13
226209,2025-04-13
226333,2025-04-13
226484,2025-04-13
226584,2025-04-13
226713,2025-04-13
226767,2025-04-13
226854,2025-04-13
226923,2025-04-13
226940,2025-04-13
226953,2025-04-13
227305,2025-04-13
227704,2025-04-13
227755,2025-04-13
227954,2025-04-13
228055,2025-04-13
228305,2025-04-13
228333,2025-04-13
228352,2025-04-13
228503,2025-04-13
228568,2025-04-13
228745,2025-04-13
228758,2025-04-13
228802,2025-04-13
228915,2025-04-13
228931,2025-04-13
229039,2025-04-13
229135,2025-04-13
229139,2025-04-13
229299,2025-04-13
229307,2025-04-13
229536,2025-04-13
229613,2025-04-13
229694,2025-04-13
229707,2025-04-13
229726,2025-04-13
229734,2025-04-13
229798,2025-04-13
230564,2025-04-13
230572,2025-04-13
230686,2025-04-13
230701,2025-04-13
230726,2025-04-13
230918,2025-04-13
231109,2025-04-13
231127,2025-04-13
231141,2025-04-13
231213,2025-04-13
231366,2025-04-13
231558,2025-04-13
231757,2025-04-13
231797,2025-04-13
231823,2025-04-13
231904,2025-04-13
231913,2025-04-13
232241,2025-04-13
232243,2025-04-13
232530,2025-04-13
232666,2025-04-13
232698,2025-04-13
232825,2025-04-13
232859,2025-04-13
232900,2025-04-13
232918,2025-04-13
232947,2025-04-13
233012,2025-04-13
233711,2025-04-13
233795,2025-04-13
233807,2025-04-13
233808,2025-04-13
233859,2025-04-13
233976,2025-04-13
234124,2025-04-13
234332,2025-04-13
234369,2025-04-13
234392,2025-04-13
234407,2025-04-13
234445,2025-04-13
234506,2025-04-13
234563,2025-04-13
234590,2025-04-13
234813,2025-04-13
234818,2025-04-13
234846,2025-04-13
234907,2025-04-13
234963,2025-04-13
234996,2025-04-13
235011,2025-04-13
235100,2025-04-13
235144,2025-04-13
235189,2025-04-13
235266,2025-04-13
235272,2025-04-13
235283,2025-04-13
235296,2025-04-13
235374,2025-04-13
235387,2025-04-13
236145,2025-04-13
236218,2025-04-13
236320,2025-04-13
236375,2025-04-13
236396,2025-04-13
236650,2025-04-13
236886,2025-04-13
236896,2025-04-13
236908,2025-04-13
237088,2025-04-13
237154,2025-04-13
237219,2025-04-13
237266,2025-04-13
237324,2025-04-13
237332,2025-04-13
237428,2025-04-13
237451,2025-04-13
237467,2025-04-13
237519,2025-04-13
237677,2025-04-13
237736,2025-04-13
237745,2025-04-13
237937,2025-04-13
237953,2025-04-13
238105,2025-04-13
238109,2025-04-13
238125,2025-04-13
238275,2025-04-13
238296,2025-04-13
238321,2025-04-13
238571,2025-04-13
238587,2025-04-13
238611,2025-04-13
238699,2025-04-13
238703,2025-04-13
238720,2025-04-13
239900,2025-04-13
239911,2025-04-13
239971,2025-04-13
241607,2025-04-13
241768,2025-04-13
242571,2025-04-13
242775,2025-04-13
242846,2025-04-13
242877,2025-04-13
243047,2025-04-13
243204,2025-04-13
243293,2025-04-13
243308,2025-04-13
243659,2025-04-13
243906,2025-04-13
244126,2025-04-13
244147,2025-04-13
244235,2025-04-13
244249,2025-04-13
244250,2025-04-13
244281,2025-04-13
244300,2025-04-13
244309,2025-04-13
244343,2025-04-13
244504,2025-04-13
244517,2025-04-13
244534,2025-04-13
244556,2025-04-13
244718,2025-04-13
244719,2025-04-13
245432,2025-04-13
245504,2025-04-13
245621,2025-04-13
245634,2025-04-13
245651,2025-04-13
245804,2025-04-13
245928,2025-04-13
245958,2025-04-13
246055,2025-04-13
246070,2025-04-13
246149,2025-04-13
246244,2025-04-13
246256,2025-04-13
246328,2025-04-13
246344,2025-04-13
246635,2025-04-13
246658,2025-04-13
246672,2025-04-13
246775,2025-04-13
246788,2025-04-13
246880,2025-04-13
246995,2025-04-13
247106,2025-04-13
247670,2025-04-13
247683,2025-04-13
247732,2025-04-13
248592,2025-04-13
248729,2025-04-13
248889,2025-04-13
249118,2025-04-13
249130,2025-04-13
249171,2025-04-13
249240,2025-04-13
249345,2025-04-13
249547,2025-04-13
249632,2025-04-13
249645,2025-04-13
249871,2025-04-13
250285,2025-04-13
250301,2025-04-13
250312,2025-04-13
250437,2025-04-13
250448,2025-04-13
250495,2025-04-13
250639,2025-04-13
250846,2025-04-13
250858,2025-04-13
250897,2025-04-13
250908,2025-04-13
251524,2025-04-13
251525,2025-04-13
251547,2025-04-13
251673,2025-04-13
251858,2025-04-13
251927,2025-04-13
252044,2025-04-13
252558,2025-04-13
252559,2025-04-13
252596,2025-04-13
252614,2025-04-13
253160,2025-04-13
253179,2025-04-13
253251,2025-04-13
253267,2025-04-13
253291,2025-04-13
253613,2025-04-13
253701,2025-04-13
253812,2025-04-13
253825,2025-04-13
253835,2025-04-13
254375,2025-04-13
254412,2025-04-13
254910,2025-04-13
255067,2025-04-13
255097,2025-04-13
255112,2025-04-13
255294,2025-04-13
255384,2025-04-13
255405,2025-04-13
255693,2025-04-13
255716,2025-04-13
255717,2025-04-13
255734,2025-04-13
255768,2025-04-13
256105,2025-04-13
256214,2025-04-13
256245,2025-04-13
256328,2025-04-13
256339,2025-04-13
256480,2025-04-13
256550,2025-04-13
256740,2025-04-13
256819,2025-04-13
256860,2025-04-13
256965,2025-04-13
256977,2025-04-13
257056,2025-04-13
257604,2025-04-13
258061,2025-04-13
258078,2025-04-13
258126,2025-04-13
258217,2025-04-13
258426,2025-04-13
258795,2025-04-13
258873,2025-04-13
258897,2025-04-13
258909,2025-04-13
258957,2025-04-13
259220,2025-04-13
259389,2025-04-13
259408,2025-04-13
259424,2025-04-13
259439,2025-04-13
259471,2025-04-13
259491,2025-04-13
259637,2025-04-13
260214,2025-04-13
260223,2025-04-13
260251,2025-04-13
260483,2025-04-13
260644,2025-04-13
260673,2025-04-13
260832,2025-04-13
260842,2025-04-13
260854,2025-04-13
260869,2025-04-13
261221,2025-04-13
261428,2025-04-13
261450,2025-04-13
261596,2025-04-13
261700,2025-04-13
261775,2025-04-13
261802,2025-04-13
261842,2025-04-13
262044,2025-04-13
262063,2025-04-13
262190,2025-04-13
262221,2025-04-13
262866,2025-04-13
263373,2025-04-13
263387,2025-04-13
263639,2025-04-13
264029,2025-04-13
264343,2025-04-13
264391,2025-04-13
264403,2025-04-13
264429,2025-04-13
264443,2025-04-13
264455,2025-04-13
264749,2025-04-13
264997,2025-04-13
265009,2025-04-13
265018,2025-04-13
265036,2025-04-13
265045,2025-04-13
265427,2025-04-13
265450,2025-04-13
265457,2025-04-13
265469,2025-04-13
265523,2025-04-13
265530,2025-04-13
265535,2025-04-13
265601,2025-04-13
265644,2025-04-13
265669,2025-04-13
265675,2025-04-13
265676,2025-04-13
265995,2025-04-13
266008,2025-04-13
266063,2025-04-13
266330,2025-04-13
266438,2025-04-13
266450,2025-04-13
266615,2025-04-13
266626,2025-04-13
266730,2025-04-13
266746,2025-04-13
266880,2025-04-13
266981,2025-04-13
266982,2025-04-13
267007,2025-04-13
267172,2025-04-13
267254,2025-04-13
267383,2025-04-13
267428,2025-04-13
267479,2025-04-13
268164,2025-04-13
268187,2025-04-13
268346,2025-04-13
268368,2025-04-13
268384,2025-04-13
268571,2025-04-13
268585,2025-04-13
268599,2025-04-13
268610,2025-04-13
268701,2025-04-13
268817,2025-04-13
268933,2025-04-13
269012,2025-04-13
269058,2025-04-13
269088,2025-04-13
269227,2025-04-13
269333,2025-04-13
269390,2025-04-13
269445,2025-04-13
269485,2025-04-13
269498,2025-04-13
269543,2025-04-13
269553,2025-04-13
269623,2025-04-13
269690,2025-04-13
269738,2025-04-13
269781,2025-04-13
270011,2025-04-13
270058,2025-04-13
270156,2025-04-13
270784,2025-04-13
270909,2025-04-13
270952,2025-04-13
271072,2025-04-13
271117,2025-04-13
271316,2025-04-13
271356,2025-04-13
271360,2025-04-13
271375,2025-04-13
271385,2025-04-13
271505,2025-04-13
271595,2025-04-13
271631,2025-04-13
271638,2025-04-13
271671,2025-04-13
271763,2025-04-13
271876,2025-04-13
271953,2025-04-13
271968,2025-04-13
271980,2025-04-13
272218,2025-04-13
272361,2025-04-13
272373,2025-04-13
272387,2025-04-13
272531,2025-04-13
272642,2025-04-13
272655,2025-04-13
272665,2025-04-13
272781,2025-04-13
273395,2025-04-13
273408,2025-04-13
273484,2025-04-13
273496,2025-04-13
273593,2025-04-13
273672,2025-04-13
273742,2025-04-13
273792,2025-04-13
273956,2025-04-13
274022,2025-04-13
274035,2025-04-13
274107,2025-04-13
274111,2025-04-13
274124,2025-04-13
274212,2025-04-13
274382,2025-04-13
283336,2025-04-13
305047,2025-04-13